<?xml version="1.0" encoding="UTF-8"?>
<beans xmlns="http://www.springframework.org/schema/beans"
       xmlns:xsi="http://www.w3.org/2001/XMLSchema-instance"
       xmlns:security="http://www.springframework.org/schema/security"
       xsi:schemaLocation="http://www.springframework.org/schema/beans
        http://www.springframework.org/schema/beans/spring-beans.xsd 
        http://www.springframework.org/schema/security 
        http://www.springframework.org/schema/security/spring-security.xsd">

	<security:http auto-config="true">
        <security:intercept-url pattern="/home" access="permitAll" />
         <security:intercept-url pattern="/views" access="hasRole('ROLE_USER')" />
          <security:intercept-url pattern="/services" access="hasRole('ROLE_ADMIN')" />
        <security:form-login
            login-page="/login"
            login-processing-url="/j_spring_security_check"
            default-target-url="/"
            authentication-failure-url="/login"
            username-parameter="youmail"
            password-parameter="youpasswd" />
        <security:logout
            logout-success-url="/" />
            <security:csrf disabled="true" />
    </security:http>
    
    <security:authentication-manager>
        <security:authentication-provider>
            <security:jdbc-user-service data-source-ref="dataSource"
                 authorities-by-username-query="SELECT youmail, role From User WHERE youmail = ?"
                 users-by-username-query="SELECT youmail, youpasswd, enabled FROM User WHERE youmail = ?" />
        </security:authentication-provider>
    </security:authentication-manager>
       
</beans>